login,password,code,gender
tlanglois0,1hPcEwOf,ID,Female
ccunliffe1,pMi53tERX8C,MK,Female
nverduin2,8rGTEWMTQ,CU,Female
tdavenell3,bbjpBCi6WFNc,MG,Female
fbeevens4,egk6ymK5,PH,Male
sfoort5,xlw8dut,FR,Female
htopling6,4J6kc1GnQBc,PK,Male
teasterby7,N6FW4oOsaB,IE,Male
epainter8,b2hjbmLQYyu,RE,Female
sdahill9,2qIdfqTZ6UI,PH,Male
adoddrella,aMY4i7Jn,PE,Female
wgrenkovb,fc8cRVWglkC6,PH,Male
gpleavinc,QMLTXQgohLmq,CR,Female
hsherrelld,Z4yfStvCO0F,PE,Female
mpeabodye,nqX7Nrbgu72S,CN,Female
sglossopf,gCnIb7tuLO,CN,Female
sdewburyg,nKWhfFeMVC,MA,Male
akeesmanh,nMJOYj7WhdlM,PK,Male
yscolesi,Z9oIB1p4j6o,FR,Female
cobeirnej,qKlcGyI,PT,Male
emossbeek,iPJBpy,JP,Male
lneathl,UXDrFAHX,BR,Female
pblaasem,UhE1kgfJ18,CN,Male
krickeardn,iXCUM7mZQjvt,BR,Male
vperrotto,DUzewvK,MX,Female
ifoxtenp,qHXJPGE8,KZ,Male
pgrogonoq,e7p15Q,CZ,Female
cnickolesr,LZMgsZFde,ID,Female
ncastanagas,9QHjCEOueypM,CN,Male
fmeneghit,JK7amz9da3u,CN,Male
rgrassinu,EgVPtzbgd,JM,Male
gbackshillv,N8wakEDnudHc,CI,Male
gpavolillow,X1TY1Gbpf,GR,Female
plondingx,aRXXFUO51co,TH,Male
fwethersy,p92CKYa5vx1H,CN,Female
bgregorz,vN09P1jDX,ID,Male
pvirgoe10,1i9xPP4Fs,PL,Male
lhedney11,xvQfgtA0D,RS,Female
lramel12,7RtfKrr,BF,Male
nbichard13,Yipm7l5FMH,RU,Female
whuey14,kHUZp59j,PL,Male
aoxlee15,pc5xRe3,VN,Male
bmulderrig16,hwKSo7ft7,CU,Female
dantonomolii17,6063hlzDXC,ID,Male
dcollingridge18,oQ0n8nAoNp,CN,Female
cdunthorn19,3P5pTiE7o,ID,Female
lmaccafferky1a,8FQWLIaUrJK3,SE,Male
dklewer1b,08tS1NufyI,PT,Male
mrotlauf1c,biiwWyf,CZ,Male
edoswell1d,ruudgj,GR,Female
vdenyukhin1e,ZoM516Q2qvd,GQ,Male
fsimonutti1f,CXs0VH6pI,AR,Male
clegrand1g,IsfpK6iK,BR,Female
pedinborough1h,phELtElc5Y,AR,Male
dtippler1i,sP1QoKFDoghe,ID,Male
mmilch1j,DFZN3MXp,PL,Male
bmuzzini1k,WmaktU,PT,Male
vcarcas1l,6YZFvm8Ca,PT,Male
mkavanagh1m,bGcgFtLI,PL,Male
anoirel1n,PusouDtw,CN,Female
fcarne1o,LSisr6R,IR,Male
agravestone1p,15sWrbzs,HN,Male
aphilipot1q,hpG1jOUp,MX,Female
lhavoc1r,TbsmIDa2aGPD,RU,Female
uguerrero1s,6Um03uyNIA7R,PT,Female
kjaine1t,Cmbdg5bE9hh,US,Male
cgarnsworth1u,Ktncck,ID,Male
btolossi1v,U9GiZkl,PT,Male
oblamphin1w,ocJhKzcLmv5,FR,Male
vbubbins1x,62kuUCl8TVn,UG,Female
icoping1y,ojIbHr,CN,Female
bspalding1z,IwUkWnSby,JP,Female
fbrounfield20,k9rUtg8uhn9J,PH,Female
tfishe21,zQYO7Dn,ID,Female
baireton22,VBL39L3EkOA,PH,Female
bhurford23,YQXPMprydN,RU,Female
qlubomirski24,lhcBMC,PE,Female
stweede25,rcXWXJ3N,FR,Male
ahirsthouse26,rgNf5vNUQ4n,CN,Male
spedican27,WzW121,OM,Female
gsutehall28,TtQwTU1IkCt,LY,Female
switton29,h4seOcaGuyO0,BR,Female
gbrehaut2a,ahhQEO8,CN,Female
cmarkussen2b,wdyz5s3Gdm,BR,Male
lrolles2c,vTuKtSduiN,ID,Male
sgensavage2d,8ZhGDs6t73Ke,PL,Female
margue2e,2y8Wz8yz,CN,Female
acrambie2f,UjD2qeBgn,CZ,Male
wstation2g,Lxn3YH4,ID,Male
hkeetley2h,25ld0rHTcHd5,CF,Female
cellacott2i,YK6tWzfjrgJ,TJ,Male
wbarlie2j,wDVlIWJ,PH,Female
jbarron2k,xsTzv9Fv,SE,Female
pollerhead2l,nf8QXDz7erU,ID,Male
idumbreck2m,e0AsNr33,FR,Female
osparkwill2n,pKIJ1eVEci,ID,Female
rfishbourne2o,03OWaJxwnSWz,RU,Female
lmomford2p,Tp2R7ingOj,PH,Female
gmerredy2q,ux1Oq1304WyM,CO,Male
ylonding2r,mKfGIooY,CN,Male
spreston2s,pPq3QORZL,RU,Male
erysom2t,cYsH9ctyL67,CN,Female
flaurenson2u,XRMLRZG,PT,Female
rbrock2v,PjEux72ObwV,MG,Female
kace2w,3D7N9cdDlmwz,CN,Female
kmerryman2x,POVlN4,BR,Male
pharrisson2y,NF3w2wxiJZ,MY,Female
dcridlin2z,oJlCp5Zh,SE,Male
okarby30,iIgDaJfRuBqZ,ET,Male
ddanilov31,YPEgu0uz96ns,TH,Female
blongworthy32,bsARmfX9Th,CM,Male
venterlein33,Abkf49BdZ5l,AM,Male
abeastall34,lF8tesbOIW5,FR,Male
edrover35,doaGYGHb9jw,CN,Male
estent36,qSnYrx,CA,Male
hhulke37,ijU1CAgRlw5,SE,Female
bcolleton38,tCF2krOa3,RU,Male
llillee39,pnEmzHc,BY,Male
ssheehy3a,r0lrhGN6x,TH,Female
tpriter3b,1oEVlWcaqT,IR,Male
educhenne3c,vNDrNLFt,SE,Male
sfautly3d,vaCqudpXmeU,ID,Female
bwanderschek3e,6RqfTNEhrRab,CN,Male
pgreystock3f,HLyMDK,CN,Male
hengledow3g,esosnELHHNh,GR,Male
arime3h,Nwpp7iG6T,CD,Male
ldinesen3i,Tyx3Do,PE,Female
awhiston3j,CzU0K5Fs4l9,MM,Male
gtrasler3k,0DoRzkmeuJBc,CN,Female
mpolino3l,bd6S4VDNyum,CN,Male
dpetrol3m,2LWN9pP6m,FR,Male
jnewdick3n,I7HkiTTbOHfC,TH,Male
fughi3o,9tgGehOuy,VN,Female
nebbles3p,NRSKS3Ozg,TZ,Male
widdens3q,YB1CEUP2bbN,ID,Female
rdrugan3r,Z6njqjIHWE88,CN,Female
vpaler3s,BM5hPULGPzTL,CN,Male
slamming3t,ArtbrRLGA,CN,Male
gbeccero3u,Ljlehf1S,ID,Male
fpiddick3v,Knmjdmil8S,TZ,Male
vgrouse3w,fgxEdb46,MX,Female
vsemken3x,S9Ox9BNWBuT,CN,Female
rketteringham3y,NxsBWV5,HT,Female
rdainty3z,4H5ksUFu1,CZ,Female
htooke40,DU7D7zA,TZ,Male
rfellow41,3gcySad,CN,Male
mrutter42,Op2WlfT2,AL,Male
hgethins43,GHBdiFooy,BR,Female
asandwith44,A4PwY3Gj,CN,Female
lvanderbeek45,5TfiEL1wr,PG,Male
vcrebo46,4gZZuCz47G,CZ,Female
ftodeo47,9n9eJvG,GR,Female
tjosland48,ClCrZjY,US,Female
mruggieri49,XLyFibaVc,CA,Female
lcookley4a,F5tc9hZ,PK,Female
gcollinge4b,Vvc26DoUX1,TJ,Male
tohollegan4c,oTZfNYrjzzSd,BD,Male
ehuleatt4d,E8uvInH,US,Male
wwalch4e,UAlxfIv3vq2,CN,Female
cbolderstone4f,22I6dpyBa,PH,Male
nbavin4g,7SY5tu,GR,Male
wmcmonies4h,gn9fRwRmOR0,PT,Female
mbodicam4i,BArevFGqcvR,CO,Female
bconnell4j,WRxCfw,AL,Male
koland4k,VuDVzy,FR,Male
hglasby4l,XgAdW0wq,UA,Female
mkeeri4m,KBwCFWBQ2Q5,AL,Male
jdominico4n,062vwGWG5bKQ,PH,Female
rdowns4o,qCxXNEeB,SE,Female
fanger4p,SI7m2k0,CZ,Male
gurpeth4q,V0eN27d,ID,Female
mmelson4r,e076i2dtvR,HN,Male
gkarp4s,SyEhbL,MX,Male
cfrith4t,bCUxRdSWgeT,US,Male
clebond4u,qkDItTC,CN,Male
dgarford4v,oMohAbP4,RU,Female
cboyd4w,gNOsfH,AR,Male
gbicksteth4x,cJm1rUVaIC,KE,Female
amaxwaile4y,ILOQMaJdk,CN,Female
dcleeves4z,BwSAw79Hh,CN,Female
ttrobey50,HIve0jID,FR,Female
elode51,N3Hi6xW5,UA,Male
sbroschke52,2H63Fb8J,SY,Male
mbackson53,Z0NuWdazG9S,RU,Male
rwotherspoon54,NCOnaSF,CN,Male
ihawgood55,A5RVUIRgUU,CN,Female
dpeirson56,8pXSI8BmB8oD,PH,Female
bhalliwell57,tc8n1V,CN,Male
pmcnirlin58,51L118U0Y,LT,Male
nerwin59,lkXyclf4uX,ID,Male
rever5a,tUelym9HC,ID,Male
bbarczynski5b,bwC6VRtejNF,ID,Female
apetrushkevich5c,TIXcqV,PE,Female
nimesson5d,ib8W0zfEP,MN,Female
gbusher5e,mroMae8,NZ,Female
adrakers5f,nsv2IUMDKkW0,PL,Male
bcheale5g,Vths6iu,HT,Male
hfotitt5h,VEmmVCg,NI,Female
narnull5i,rcB9Ekis,ID,Female
lketchaside5j,YI65GP7b7,RU,Female
tdelisle5k,UpdagFJ,HN,Female
atimny5l,meBlolpP7xI,PL,Female
kdmych5m,Bh83iAfoAj,ID,Female
nschout5n,rNTRbCVDspa1,PT,Female
nadriaan5o,LX25kcOCQY,CN,Male
sromagnosi5p,1OxOAH,RU,Female
pmccoish5q,YaDUkmXOTE,UA,Male
gaddicote5r,0enn53tsWb,HR,Female
nkelland5s,m0BGpK,CN,Male
cbarbie5t,2LA5Fk,CN,Female
jghirardi5u,pKBu9Qq,CN,Female
ahanscombe5v,fB37xOU8DeW,ID,Male
dlewsy5w,sosuNvokX,IQ,Female
coddie5x,8KAfJ6vpIw,CG,Female
jclyma5y,pnp2HQvR,CN,Male
ytaylour5z,GCohlAV1g6,ID,Male
abaptist60,f2xMqC7JgC,BO,Female
gdrummond61,3FAHCQGjlmz,ID,Male
kbrowncey62,fTJM1jDQXj,AR,Male
akytter63,6e0FS6L1JLsF,CN,Female
gmatuszynski64,MeNGUI,MX,Male
mdecopeman65,8zLekc,UA,Female
palsopp66,44dwBq14,US,Female
bbonnier67,VSIz7viJma,CZ,Female
ksango68,IGa7rEEOW,CN,Male
snoone69,9xRvmmMJ5,CN,Male
kigonet6a,QUgGrJ7IXm2W,TH,Male
srodden6b,1Rp1pEpg,CU,Female
wsantino6c,gQn4iJ4,CN,Female
mmcdugal6d,sOTZZP85tBh,YE,Female
gchesshyre6e,QEKEAPYy,RU,Male
akyndred6f,CxZy3JmOKpd,FI,Male
bchieco6g,0A14zih6,KR,Female
scalverd6h,FbP0Z07NX,CN,Male
rjenk6i,gEJp8iOB,NO,Male
akerley6j,UDX90D,ID,Male
lstacy6k,Cf3V7xVh,ID,Male
rcobelli6l,GCAPmbjMcJo6,CN,Female
jnenci6m,VIzvKhoHSo,CN,Female
sbleakman6n,iSwp8jq,NZ,Female
ljaine6o,ludOwULxX,CA,Female
cthamelt6p,JklGOIWl,CN,Female
stancock6q,xcG7s4CzGV,PL,Female
amacnucator6r,nYyc7VH5u,CZ,Female
rdugget6s,sS5SwQ,MY,Female
sdensham6t,nu4KXEsQhPE,BR,Female
aberling6u,YynkzjX,FR,Female
phead6v,BE8Egs,CN,Male
dcathrall6w,f7jDdq0,PL,Female
cdoumenc6x,f5MpJQEkB1J0,SY,Male
rwilleson6y,Cjfsi4UlA,CN,Female
rpenner6z,AMFt3xm,RU,Female
gmalenoir70,evpIP2l,FR,Female
wweddeburnscrimgeour71,1lnCL4Cw,ID,Female
lplumstead72,VJCMlLDn0u,ET,Female
mantonomoli73,5flDUaIq,TZ,Male
fsutherel74,g3LoDwFhJ,PT,Male
scarlisi75,OVIrcGeBtNs,UA,Male
qtortice76,iTHbyLYdOA,RU,Female
mbachs77,Uzee1YFaLna,UA,Male
klabel78,F5H4XL2s4eCo,CN,Male
makram79,iZQojd6wXJg,CN,Female
rreadshall7a,8JW3mJ,JP,Male
cbugs7b,22BeScCUOM7V,CN,Female
fpulbrook7c,NjI5npNE9,RU,Female
ryouthead7d,n6cQawDZ,PH,Male
czanicchelli7e,j4kwuVbq0x,CI,Female
awhiffen7f,YRMwILcvG,SE,Female
ejuly7g,8NJVTtbuKyR,CN,Female
crizzotto7h,zINQkAy1,CN,Male
coldknowe7i,W7GSMXA3,CN,Male
lbalderstone7j,nZDDvOW8TCD,VN,Female
ncoull7k,HWgvr6Dq7,TH,Female
erobinet7l,GlfLVC8r7y9,CN,Male
bstruis7m,2l9cCUIK,CN,Male
sdalzell7n,0TpXBs19,RU,Male
lsacker7o,yVdgIdMwX,BR,Female
djaime7p,sc97RR,PT,Male
vcaughey7q,XDnWkmkhD,RU,Female
jcloonan7r,GoUCov,PH,Female
dfeldhammer7s,3CStp0kRqG,GR,Male
ftommaseo7t,aoVI0Xc,PT,Female
gdevile7u,4Rzrbc6XsIi,ID,Male
fheardman7v,Ib2bFcTAOh,TH,Female
kchestnut7w,ZuD2Sw0RxuF,RU,Female
zstrand7x,v4uRokR,ID,Male
mkrienke7y,QaC72sdih9,CO,Female
ldaouze7z,bGPYG1,FR,Female
adurram80,OTlAGqBfSHN,CN,Male
mswinyard81,B30Wj5I5,US,Female
kfreeberne82,YIwEXNux8k1,TG,Female
mhancill83,yI83w9xQ6Yj1,RS,Female
gjeanesson84,VVPW3zSP1ElJ,UA,Female
dskupinski85,3KQ99R5zd,RU,Male
rskeen86,Vvzzvf7Y4,AT,Female
pmckay87,Gmi6eO90m,ID,Female
wsweetnam88,r9gptHSBGhqu,MK,Male
cmacdougall89,V6yZg9QKXO9,RS,Male
ghaldon8a,vZylqh2ztEJ,CA,Male
boloinn8b,2KUHXs,PH,Male
thartas8c,W5w3HmecBGHO,PE,Female
fwynn8d,AMwRXsH,FI,Female
bstollery8e,FjLSPIp,CN,Male
amaher8f,2gHDJXH,ID,Female
hgillibrand8g,joo6Am7sd1jI,RU,Male
mlytell8h,U8umlqo,VN,Female
sbolwell8i,34mHQ4,ID,Female
pbravington8j,20Vk1P7uV,BG,Female
gscully8k,AF2wGh9MGFx1,CA,Female
dtumielli8l,5hB6vVPtz6QX,ID,Female
fgregoli8m,qSfSwPjuW,ID,Female
dhacquard8n,wzPCwrw2W9,GR,Female
gepps8o,kqmGAZRH,US,Male
smishow8p,LPWXueQKLKE,PH,Female
jdepinna8q,Cr8spAX6x,CN,Male
aleah8r,MezlqP39UTRn,AL,Female
ayeabsley8s,CQKDrj,ID,Female
mtilmouth8t,WlV9v2lk4,ID,Male
adreakin8u,mBUeChPLeww,CN,Female
zpursehouse8v,JF5G8rY,CN,Female
mebbings8w,QMHA2xAw6un,NL,Female
jdightham8x,yNR41DfT,VE,Female
fkarpov8y,nrBfxY,VN,Male
mdockrey8z,t40e11an07,BR,Male
jbretherton90,JbFF70TCONaV,PL,Female
chackey91,trNAAzYuneWW,US,Female
nbrigginshaw92,lYBoMsJrhsj,PL,Female
japperley93,mlIxzvwlnIOG,CA,Male
dlandre94,gQC0EOFISIt,BR,Female
bpossa95,bg4Jpk2USNZ,CN,Female
abrimfield96,1eigr8lp2PsM,FR,Female
prackstraw97,DPM6Cl3NupW,AR,Male
cprevett98,dKq9xYX6,CN,Male
idudin99,TaqAMpZcDMe,PL,Male
kgowry9a,NkTcF51ov8O,CN,Male
ccamis9b,twvoV2nnhZ,CN,Female
flince9c,qqNiZdXXPP,KN,Female
rsabben9d,h6fDdoYz,MK,Male
hchalfant9e,cnKebPKl,KR,Female
gmorville9f,wpWr43,CN,Female
wpriver9g,OgVJyUfL1FNw,ID,Male
dcourcey9h,9ByoBXC,US,Male
gfawthrop9i,PgUuJD,CN,Female
mmuirhead9j,rrucTI1FAtyN,KZ,Female
lmaccarrane9k,FA4qUsF,CN,Female
tshelmerdine9l,QGOTTkpX,ID,Male
iiannazzi9m,hsyiD7Eka5w,PT,Male
cmonkleigh9n,k9F6NmQHxO0,RU,Female
ohayley9o,PUY60XoNDFi,PH,Male
editts9p,g3L7bcpgW,CN,Female
dmitie9q,8huGnWsu7y,TD,Male
dstubbin9r,NeraEBvNs1Qt,BR,Male
agoodred9s,ceruwcezzzX,PG,Male
kcopson9t,w3CocXMF42Ru,CA,Female
gspadelli9u,gS8elG2odJSS,CN,Male
oosuaird9v,cYFXRUL7P,EG,Male
smenelaws9w,wCUwkfs,FI,Male
cgrievson9x,HqD8VdahAKXV,BG,Female
wdeme9y,yR5RnNNz7lU,VE,Female
jraspison9z,nI6qf7WzdyB0,SE,Male
edorewarda0,s3GJoaGvp,FR,Male
zgrixa1,XocX7O5dXH,CN,Female
mtomasiana2,VuvKnFuE,BD,Male
cvarneya3,tiId8kk,TN,Male
rhryceka4,rcYkXUYHO4,SE,Female
rchada5,RVxSGrw2b47D,CN,Female
dmcandrewa6,s0CJRuKl,NI,Male
mmalcolma7,zfDKQy,PS,Male
ohundeya8,aDuH33JFF5,AR,Male
atubbsa9,pNN0RUbrp,RU,Female
gsandefordaa,Rc9pNIEam,BR,Male
lgurdenab,1XmLsjc2MsL,SE,Male
kbeebleac,ZDR0pV,BS,Male
rpresdeead,V9DXIsKq2,RU,Female
gbraderae,uAbP7M,RU,Male
lmerredyaf,UtaGdveiyN,CA,Female
jbunkleag,D7FIlvs5O,CN,Male
zvynehallah,nNNK47J,PT,Female
eemburyai,TWa7fhGv,ID,Female
dchetteraj,Xg1BsQXy,KR,Male
vlaweyak,F1oUedGCzLJB,CN,Female
ecicccittial,IocZuktU,SI,Male
vsloaneam,O6ZDxGlq,PL,Male
sscotchmooran,nn1VzXaDnx,PT,Male
bgoldwaterao,izcgLQ31sK,KR,Female
chorsteadap,TJHDxhX,RU,Male
jyettonaq,5AWMWGFh,ZA,Male
fpersentar,kQ6hRw,FI,Female
rdavidovitchas,cW7y4C,BR,Female
mmcgookinat,ntRekpZNRqcD,PL,Female
ghumbellau,6fuD4jwgxk,ID,Female
prisdallav,JPLcETILMr7,ID,Male
nminesaw,INKqKkX,MY,Male
mspinkax,MlG8MEXJB,CN,Male
ystuckeyay,9hHh3k3,CZ,Female
jsowleyaz,DLzvev,CA,Male
cattwoollb0,l5NEn9I,SL,Male
lnelliesb1,BfNCi6mczIh,PT,Male
atunbridgeb2,jRJtT0lLz,CN,Female
rcolloughb3,6X0IAfWg6,CN,Male
rmuccinob4,RoETRVFAXMG,YE,Female
tmaiseyb5,fi2WhLAH,UA,Female
lbrownellb6,meohLB,CN,Male
tgerib7,aojr30,SA,Female
tcondieb8,GWPPe8g,BR,Female
bgrigoryevb9,GmsEYSjlbZe,PH,Male
ctilmouthba,4LlOt7mDxIJ,CN,Male
tbalazotbb,cdSfprh,JP,Male
hwolfendenbc,DOEVa09fDq7q,PH,Male
ksounessbd,j52QcrV,RU,Male
kpresdeebe,01b41ovlb88t,FI,Female
iakrambf,JFMb1Zqdh,LU,Female
dnoicebg,ybHEI6A,ID,Male
hbourdasbh,LxLuuX5uyd,GW,Male
dduffettbi,dYbQDxQKbr,ZA,Female
mgiacobinibj,1nbENB,UG,Male
rrealffbk,PSO7Twkhhj,YE,Female
lkleinermanbl,tWPbqHPhG2R2,CN,Female
gveldensbm,EDTOa7OtD,PL,Female
lnevisonbn,Au5mLdSpDlLh,ID,Male
erosenshinebo,7sMix9fs,PH,Male
sgillinghamsbp,PDzPki,EE,Male
ggallyonbq,1w4RmInoVWLn,BR,Female
zoxenburybr,qligN7HaH3H1,CN,Female
dtonkesbs,e8VG7l,FR,Male
cjillinsbt,XzH48wK,BR,Female
alakelandbu,DptWCGvznfJ,CN,Male
cpallentbv,1Qiud7V3p,CN,Male
agodsellbw,4suDA9A,CN,Male
ilucksbx,dkRVU4,MX,Male
espencerby,9F6sgLX,PH,Female
bchilderleybz,BoyTPXmAMh,MN,Female
psimonouc0,3nt6ITY5j,CN,Female
wbuttec1,QDXWQOllU5,RU,Male
omayhowc2,liWw6N,PT,Female
bchallicumc3,09Dldt,SE,Female
rscoterboshc4,ymeWpIQ8,JP,Male
sdunbabinc5,Lmgzs3Y2k,ID,Female
dharnessc6,OhKhWRb,ID,Male
tbyngc7,wHwLUZ6av,EG,Male
lpatersonc8,xD0RyR35gvg,CN,Male
wubankc9,oIejhZD,ID,Female
rpachtca,xGmJvRtm9zio,MG,Female
jleprevostcb,OVm3yfJr,PL,Female
hfassmanncc,NI9phr56,HN,Female
iedelheitcd,j735XtiSgpg,ZA,Male
cbaracloughce,kkmIZn,CN,Male
dreapercf,P6JgdwRHjrZq,BA,Female
bbraemercg,qUPHM7HRid,ID,Female
hjessepch,cBb4eEyNpM1,ID,Male
fketchenci,DRE9pP,PH,Male
ndecaroliscj,KJcZFMY30dq,MA,Female
dniasck,cKmKWpMSEx,NO,Male
vmcpharlaincl,5C21LmH,FR,Female
gformiglicm,oe2aVvQCO,BR,Male
leareycn,zFx4ezP0LbAJ,BR,Male
kgarnulco,8Milyzq,KZ,Female
cstarsmearecp,1uTnhK,CN,Female
llepiscopiocq,qZZLHhrCX7,PH,Female
rtoselandcr,HCvlh0T,RU,Female
cpontencs,3bJNPv,CN,Male
lelnaughct,YqvTeF,CN,Female
aamiscu,HUguUy,PT,Male
lbancroftcv,E7eB0W,IL,Male
ecrocketcw,Bl5VWQnC,ID,Male
thorstedcx,Dx8SzGqCe0Es,SE,Female
tagiolfingercy,WD36QqOvyc,BR,Female
mramsellcz,eDlPIz6oT,ID,Male
ajeannond0,7cIyVbtv14s,CN,Female
cjevesd1,HDpSAl9Dps,CN,Female
uprintd2,yqXDBLly4TKB,CN,Female
fskeermord3,PDrM1BXF8bc,AZ,Male
aclaiged4,ZMZJMDsfy,PH,Female
hhantuschd5,XDThqAroqMeV,CN,Male
tcollettd6,bYqJXxIum0Bq,JP,Female
epointd7,lPo3gTUag,ID,Female
pbravingtond8,DJaDMxydfBV,ID,Female
eperingd9,WFwlZIEf,ID,Female
jgaywoodda,ApBwks,AR,Male
idanskinedb,1oYvCnMliKo,CN,Male
nlamberteschidc,eNr3Tj7n0P,CN,Male
sbiasidd,lD0OoaiTD,CZ,Male
lfrankede,Mk3mZm,CN,Male
sflaunierdf,RBaQQzBO,PH,Male
lnottramdg,C0lxtO9KbDg,CN,Male
kmillisdh,b0FrjdXYENeZ,GH,Female
rluckcuckdi,HNTPm7uDi,CN,Female
psleepdj,OiIhMxiGG,BR,Male
hluquetdk,at2tp8pLO,ID,Female
hfairhamdl,FTxLxS,MK,Female
cveltmanndm,36i3k5,MX,Female
kcamellidn,cr4ucH,RU,Male
mivelldo,sPzfblNg1r,PH,Male
roldlanddp,3QXCYzi2Y50,PL,Female
mbloxholmdq,aIaoCS3,KE,Female
gstarsmearedr,QFLttxd,SE,Female
swearingds,KMTkGYHt9znA,JP,Female
amohameddt,nBajrb,MG,Female
bjerwooddu,dxtC0pD,CN,Female
htillydv,N5mZUrHwE,VE,Female
plinehamdw,jPNy02,PH,Male
ctamasdx,BcvDQe3ow0u,MX,Female
cpuncharddy,vyuVRlIG,NG,Male
vhicklingbottomdz,0WcHsUDh,NG,Male
hhallinge0,IssYuLfRt9,PH,Male
wdrowsfielde1,WXpsNeuM,CN,Male
ceastcotte2,0KeKnzlNr,GT,Female
sskippingse3,vfl2fO3WpZCN,ID,Male
bhawneye4,mxBzLkkPWx,ID,Male
jtrounsone5,CB62EKPMuGq5,JP,Male
rwitherspoone6,1mZgTPMM,CN,Female
kwinkse7,VyAOD75,ID,Male
aingse8,JW11DUI95JR,PE,Male
jcicccittie9,NxgJ1h,CN,Male
aglackinea,EXnJpS,MX,Female
nhallteb,MBsQmODT,CN,Female
hosbidstonec,UAA45hr,AL,Male
lnagleed,lhqO32ps2noB,PH,Female
orussanee,eSgUyxtrtKe,BR,Male
euzzellef,NPnf6xv,CN,Female
slehrahaneg,HQGBtF,PH,Female
fwhitewayeh,9xkyNKDL,GE,Male
lferschkeei,R0z0Jh,CZ,Female
lfealtyej,oV2QHLpe0Nu,PT,Female
gjandaek,L5CBaSR0wpc,CN,Female
gshuxsmithel,JYguLE8TcLU,GR,Male
rdudneyem,Yt6w3mz2,LT,Male
dplumleyen,Fgf18tGC,NG,Female
dmusheteo,mOzS5EE,PA,Male
ofreckinghamep,rRwltKnsvY,CN,Male
gseatoneq,7gg9GmQBlPL,MX,Female
smattamer,dWDOdruqDG,SV,Female
hlukasenes,DpOC0cAY,GH,Female
ldougillet,XvuUFtrtI,BG,Male
haucoateeu,0Xfcl8HzM2,AU,Male
ebunningev,IgkKeC,PH,Female
bkorbmakerew,1QkgVkmUu,ID,Female
vcockshuttex,UJaAktsrnqC,UA,Female
mgimsoney,AKH3nfHq,US,Male
nayresez,ETLQioA8S,ID,Female
jledranef0,llED00TQQk,PS,Male
ewormsf1,HOHva9oonMR,CN,Male
twintersf2,5s7tHQkT,PT,Male
wdowdenf3,HevuSj8,ID,Female
jgaigerf4,oVeT9xrUFtKX,CN,Female
jdevilf5,Wg33TRTx1yT,UA,Male
brenishf6,beI0On,PH,Male
ameineckf7,Ft3rtZ4T0S,CN,Female
swilcinskisf8,fuQZ9U,MM,Female
ghawesf9,Z7UIjxqh74ki,KZ,Female
bmaceveleyfa,FZhJFzYIp,JP,Male
jgambrellfb,4gM4f5qkamYc,FR,Male
mdullinghamfc,h8ZV2F,SE,Female
kcosgrivefd,jTt5ktUOQ1,ET,Female
bpymarfe,THYbyY,BR,Male
abalharrieff,ZFFsAV,RS,Female
dimlachfg,9IFbhXqM,PL,Female
ysyselandfh,Enydepu,GR,Female
bfullmanfi,Ixv9BI,RU,Female
nfaichniefj,guSpjeF,PT,Male
zdegoeyfk,2WRvXX64qqG,ID,Male
bnewtownfl,hZJaD0,RU,Female
hpickancefm,qnOVuQX9Asi,CN,Male
fhanshawefn,B2HmvFt2ua,BD,Male
acoxwellfo,2Ljd2B,RU,Female
kcurryerfp,kWhsdQ,NI,Female
kpagelsenfq,ZssILZX,CN,Male
jwhiskerdfr,5D1ioKtP,CN,Female
icarmelfs,0hpT8ES8,BO,Male
pgiberdft,soy6A372P9q,PT,Female
ecosbyfu,PHitEeiF,VN,Male
dyexleyfv,5lCD3orec,BG,Female
dtownendfw,er7lcYFrh,PL,Female
jborlesfx,uICHetJFRNqf,PS,Male
bquereefy,Fan88yheD,DE,Male
tchallisfz,t37YN6xH,PA,Male
mkarlikg0,Qv5qvLN7MrAe,PH,Male
dstationg1,D4HPwNL,CN,Male
lisaacsong2,A7zIWcu,GR,Male
sneillg3,3bEGFb,ID,Female
aalvisg4,QrRUSpsaHQaQ,ID,Female
mcarthewg5,w2cqq8DA9dAd,GR,Female
lronnayg6,Kbf5xcz,RU,Female
sberringtong7,WxLTHifr,CN,Male
idanilovitchg8,RTAn8a,US,Male
aotooleg9,HiIvSBJSGSw,PT,Female
lbriamoga,Osbw0r2,MY,Female
wcardwellgb,uzKxzlEh4Ao,PT,Male
ptallowingc,tHrcnvrI2B,PH,Male
mdorsaygd,CGyq0V2a,FR,Male
lhuntallge,iVKpbV,ZA,Male
emorkhamgf,q2isrJbO,GR,Male
pstutgg,CxBZ30E,AO,Female
loswickgh,106D8VCcEu,SE,Female
hchominskigi,FVamDRG,PH,Male
eravenhillgj,x9hLBTUDA,US,Male
koduggangk,prvFuwHM6ved,UA,Male
aandringl,zrTE1to,UY,Male
olempertzgm,3GaZBYISe,CO,Male
mbourleygn,VFP3KsiC,EC,Female
lhuftongo,NW5m1wodVB,CN,Female
ralbingp,FM0OA8,CZ,Female
bcluettgq,MrtbtiD8n,PT,Male
gpetriegr,3EWGCC,ID,Female
dmugglestongs,vWzDDLiNBV,IE,Female
jdubarrygt,YvOIlv3Laww,CA,Female
cnaregu,Fsvuzz5,PH,Male
nvanderbruggv,m3lG0a5xr,CN,Male
jtrewekegw,gK1jFLPD,BR,Female
daddlestonegx,2d6BuEdX0,PL,Male
asilbygy,4wCnRnugruzF,JP,Female
dlyegz,nnY1K7,FR,Male
halvyh0,20ynGoWYAEQR,ID,Male
hbrewh1,JVbEYcEcC3V,ID,Male
rsurplissh2,hKucxYSqo,MG,Male
kkenchingtonh3,JysNLw,CM,Male
mlarawayh4,mO2UOwMi0c,RU,Male
nkubish5,brkgUYqM,RU,Male
hsimh6,zti40u41SWkH,CN,Male
sshorieh7,T8a6PHz,NG,Male
hoselandh8,myZRTx,PT,Male
fmcgivenah9,q7wFKp,ID,Male
mcodaha,Qtgm3haGB7yD,CN,Male
bpostonhb,RS4F2xv8p,RU,Male
fwewellhc,u2YBnh,UA,Female
npenninghd,c2wB2tu6FuqT,CN,Female
fchaffhe,4n394sSQ,BG,Female
dsimonettohf,pX5WaAqszW1,IR,Female
jgommowehg,6DNyWkd2H,PE,Male
hjohlhh,cFUukdFZfVjs,SE,Female
csaffinhi,OHGHUK2bN,PT,Female
jwalklothj,iG2E2tSCT,RU,Male
taddshk,ryROpmct7,US,Male
lmacfadzeanhl,VCbK24eLk,MY,Female
vriehmhm,NFSihQvzRU,ID,Male
dsnoddonhn,efIkexaA,RU,Male
jboarho,JnHfsTf87wv4,CN,Female
qkilianhp,IAXSbwH,PT,Male
dorbinehq,SGPWdrmM2,CO,Female
kofahertyhr,jFjhFJpATM,ID,Male
atupmanhs,c14o1W0szZiW,RU,Female
bsmithsht,MfKMhcIG,CZ,Male
ckinghu,OFzRAoQJXvw,US,Male
vdeddenhv,YNyeK1Un,KZ,Male
kmehaffeyhw,5gOYrCBCYE,TZ,Female
sburgnehx,SGM9mhDf,VE,Male
tgarrouldhy,iwZnnQlva6,ES,Male
acouthhz,KOshrb8c,DO,Female
lstegglesi0,aJyQ6NkWi8,FR,Male
cmatteoi1,eQzRyYdo9V,CN,Male
mcromleholmei2,kR3Q2lA6,CA,Male
abesseti3,gQ0QNV1t,GR,Male
mtileyi4,mi7PMvIZd,CN,Male
jgonningi5,WQ8V193,PT,Female
pfranzolii6,HdPOAQ,JP,Male
lzaniolettii7,gveGjDtz,PL,Male
wgarleei8,viUppqyugFM,GE,Male
crimei9,6B96cPdCXLk,PH,Female
ldoelia,gwQI1VrNjaa,PH,Female
vdelaneyib,H9yej1psgy,CN,Male
gsmalecombeic,vjfb68rxvFg,CN,Female
mnodenid,bcdqEFquUuC4,BH,Female
cmoricanie,0I9twaE,CZ,Female
bjakemanif,uJ8xREZGFXD,IL,Male
slekeuxig,pFdj20,CO,Male
wcorteneyih,AGf70wHWp,RU,Female
emccombii,Clf9FSzrbn,PH,Female
lsavineij,OyWlunnV,CN,Male
mfilsonik,lPUVdvCoD1,PT,Male
adillingstoneil,Sl4ctz92K,CN,Female
rsimakovim,jVOOrPk,PT,Female
darnaudonin,nfOrUz,MM,Male
agunneyio,GyC5dS4c,ID,Male
eexcellip,7oe6VuTcgnG,RU,Female
gisoniq,ogzOUmwUro,FR,Female
njirusekir,DkmjY7sCF,EC,Female
lseegeris,pn61V5,ID,Male
jspancockit,Bvl1HX,FR,Female
mgajownikiu,arO8naBU,KE,Female
nmantrupiv,lvhp4kOC,VN,Female
candreucciiw,2lBrx5EJ56AX,CZ,Male
awellbeloveix,jdzRVQ,RU,Female
uburtiy,Ewi9hO,RU,Male
ecatheryiz,ax8ISeU5wc,RU,Male
wfossj0,05jXT3Xew,CN,Female
rbarclayj1,zTftlg,BR,Female
eallattj2,7IUWED21,CZ,Female
tkeenlysidej3,OHHcVYQm,CN,Male
tderwinj4,bEBwYc,CN,Male
hcoppeardj5,ByAns2bIU,PH,Female
ldymickj6,QiRPAjlT5aLL,PL,Male
ekondrachenkoj7,r1eYf5,SE,Female
sspincksj8,IHpOLhAPcC,ID,Male
nbruinemanj9,seE18MmJ,PL,Female
dbaultja,UVKdyDpBoINQ,NO,Male
babatellijb,qwBsgs3xdq,TH,Male
jrolinjc,bsRLEBtgCL,PH,Female
cchisnalljd,uZ55cM,LU,Male
mharraldje,tYQPbaa28,CZ,Male
sstockjf,MFusOX,PH,Male
jmangerjg,Vusx5SiZDy,CN,Male
ksmeesjh,GAGpHZqZ,BR,Male
llomisji,GrO3jJMxULFs,RU,Female
mstlegerjj,w6CEC6lNsr,KZ,Male
jmollinjk,FfGyWB1t,AL,Female
kcolloffjl,F7OPmMr,NG,Female
ytoffettojm,LfQ7SggEy9y0,CN,Female
elarkinsjn,dvHOKr5nO,ID,Female
gjakemanjo,LujMF2,MA,Female
vcaltunjp,mHzj63Li,DO,Male
gfielderjq,kaVy1T,RS,Female
ndominicaccijr,LAHXrPfR4Af,CZ,Female
ptargettjs,ltJK5pfz,IE,Male
jokennyjt,CZTX1x9c2,CN,Female
wadamsonju,sNjZvFp2,ID,Female
wandersenjv,aCmetKKkUpH,BR,Male
dhacksbyjw,pUgOZEnqWa,PL,Male
dsaturleyjx,34r29KsKTjoH,RU,Female
hlaugheranejy,mcGqlx,NL,Male
tparsalljz,RjD59Nes,CN,Female
dscullink0,UIbeZZa2KjJ,CN,Male
cdattek1,8ZMTix,CA,Female
kbonnettek2,UQcUE69dNl,KZ,Female
mlabbetk3,NYUhJzZP1,JP,Male
cdeverehuntk4,V9AzWQ1,PT,Male
kpyottk5,Obg2oJ,CN,Male
cgroundwatork6,usaXb6,FR,Female
tnolletk7,qYKMKvCg,HR,Female
uhiddyk8,DpHhrM,CN,Male
hbartoschk9,bkcOql6HP,CN,Male
mricardeka,GyKS5FpTzIu8,JP,Female
tshilitonkb,J8OHO6MxNe,PT,Male
btilsleykc,NDL8nzjIZ,VN,Male
hgilhoolkd,TO9IA083g,PL,Female
gbernlinke,30rQqMzE,FI,Male
bboakkf,LJmblUx,ID,Female
soolahankg,WIRDeADmDa,BA,Female
hshurrockskh,A90haJZl,CN,Male
ghubbuckski,ai5jjXg,SE,Female
rarnsonkj,ZYdcLKuT,CN,Female
dcabblekk,UV5M3C6V,PH,Male
cpogosiankl,kK85DOn,SE,Female
shightownkm,YRxPOxqwd,CN,Male
alongthornkn,4lbFGgJ21,CN,Male
bhabbleko,Pj9SdiCNyJe,ID,Female
ctwomeykp,4prSYDSpf,BD,Female
epallaschkq,gkYDqob,IR,Female
mdarnbrookkr,s2lfX7u9,MN,Male
wmarmyonks,E3omQ532sj0N,CA,Female
jadamskt,cDjF2CAoO2tK,PL,Male
ksullyku,BGLTChYwCp,PT,Female
akingdomkv,GpxsGbH,CN,Female
pmertinkw,uFOsqEH05,PT,Male
gjimpsonkx,Zeff0O,RU,Male
jdowthwaiteky,tGmO8EbYUT,ML,Female
egyorffykz,AngcYO,BR,Female
cvaleriol0,i64SC9ff,PL,Female
sofieldl1,tFSaEkJ6dq,PH,Male
gdunnanl2,Yr8NmwXLMrwf,CN,Female
bhuotl3,J0DEjr0,ID,Female
adyosl4,pSjvmOUoz4,EG,Male
ewehnerl5,T1iDELFtb,PE,Male
clewtonl6,28yNlXzZSpN,NG,Male
vpidgeleyl7,H6OoyadHL,KG,Female
cocullenl8,rRsBa8W,PL,Female
pdigiacomettinol9,bk62z3uDIW,ID,Male
mlorkinla,KjQlCxnXdaC,FR,Female
scourtenaylb,L9hdLp5g,LA,Female
brobbellc,5CfAmwTon9,PH,Male
mtaffeeld,8S3RoYD,TH,Male
brudgleyle,8b8yV7269,ID,Female
ccaleylf,oc76cnQ5G,FR,Female
pgimblettlg,0PHHgrwNPGIn,GR,Male
rpracylh,WHef2EzwcP,AR,Male
ccousinsli,gt2OKNvG,PT,Female
fsnoadlj,v9WeyjpC,TZ,Female
agiveenlk,cCRB914,CN,Male
vmccaigheyll,MrlRto,UA,Male
mtretterlm,qfU6WnqysiW,ID,Female
charrowellln,pzjy9vVRBXEz,HN,Male
rmulranlo,BdcYgFkWk57,PH,Female
hciobutarolp,gYlo4GCGGL,NO,Female
glambdinlq,od1Phr,MX,Male
gstanlikelr,o4XYrB,PL,Male
ealdwichls,fM7aVV,FR,Female
ccorballislt,eAmD3soX,CN,Female
ccurnnokklu,AKo3a4,UA,Female
tgrishkovlv,X9vWgbbLR,MN,Male
biansonlw,JN7wzKLcERSK,BR,Male
sobeirnelx,Az8G8QtX1,US,Male
ebusswellly,eSo4IEzy04e,ZA,Male
hheeleylz,flccqP,CZ,Female
rduncombem0,fs8ZKVlS7,PL,Female
elearoydem1,l6ekZes4A6yO,RU,Female
tbowerbankm2,EN5tf2Xl3,ZA,Male
sgraffhamm3,FEJj1uj,CN,Female
bdunkerleym4,pSuBy3neySTn,HR,Male
tbertelsenm5,UeFKLZh4qs,CN,Female
ddewim6,ERnfcDP,CN,Male
ccowmeadowm7,NebGjp2,FR,Male
lcaulfieldm8,rTq3Y4vqk,IR,Male
lfurlongem9,WQ5fgQYiVA,PL,Female
jglanvillema,s9vtgE,KE,Male
hmalammb,POtlKp6bKD,CZ,Male
bsouthcoatmc,BML8oGdp,ZW,Male
pjackemd,7hze8qLbzd,CN,Female
dshiptonme,i7p2N3JH2l,ID,Male
cwhartonbymf,rkzoGiD24,UA,Male
amaclavertymg,nal18h,BR,Female
scupittmh,LDcDgm,ID,Female
eleslymi,ddWcT0,TH,Male
jgilburtmj,pp9wRb,CN,Male
rhallowsmk,CFiylP,CN,Female
stawtonml,YvNfXEBRwBe,CZ,Male
dnixmm,f2cQYa,MU,Female
dhessingmn,fvVwGo,CN,Female
sbrodeurmo,iupeZ4UCc,CN,Female
nevangelinosmp,wtBGD8,HN,Female
akeohanemq,Xhh3XesXy,CI,Male
lfitzroymr,tx7NVTixTK,US,Female
nallattms,i9pOZNB8,SE,Male
latwelmt,aaxgvQ5EkGp,HR,Female
mmcgowranmu,wQC4JQ2szf,PH,Male
htoshmv,93dDWvV,PH,Female
bchipchasemw,3Hizjb0fenw,PH,Female
flytllemx,jO711rwrtEzG,NO,Male
hducarmemy,UicUPHzgo,US,Female
dscourgemz,6aAUcLS,CL,Male
rrendalln0,AItbono0q,PT,Female
kmeritn1,6mrD1Z,FR,Female
ltrindern2,S3MN1Q7kcyR,HN,Male
wottosenn3,34YWAA2k5D2,CN,Female
cboullern4,EFvuCVqI,FR,Male
elapthornen5,z6oK7aEK75M,CN,Male
ttuttlen6,Uiyv2z8oD,ID,Male
calann7,aqj09l,CN,Female
mburgonn8,Q0MPmUH,ID,Male
kvonnassaun9,GIO4Ri6HW,ID,Male
tplesingna,5g2woQ,HN,Female
rrefordnb,dD9tOhdJ,ID,Male
gnighnc,wKGadU4x,ML,Female
madolfsonnd,73wORunWuUyx,ID,Female
rbettenayne,CgUqUKk73WyV,NG,Male
dsnaddonnf,K3yxdHVzWV,ID,Male
akulverng,VYv2m7O5l,PH,Female
ajammetnh,yJJqmLV8Fj,UA,Male
stinstonni,DA6vZoqUVu2,UA,Male
osharlandnj,IiFB4pP2m30F,SE,Female
gdenynk,sUf0jbh,AR,Male
cwithropnl,edToLL,UA,Male
atompkinsonnm,MKEfvT,CN,Male
dmccambroisnn,Mc4T398sT,SE,Female
lbenaineno,TU0MYK,GT,Male
bakramnp,7So59PpX,EE,Female
jnovotninq,8u0WWX,CN,Male
ccarberynr,2xL5uNqjRKwM,CN,Female
abirdallns,z7rq3e,ID,Female
jkirwinnt,iXlmwdS,BR,Female
jgowlandnu,vjyrep,CN,Female
estichelnv,bMjUmqf6Unxo,PH,Female
opobjaynw,n0UTExj642,KZ,Male
melfenx,ghafqWUJ,PL,Female
toscollainny,P75DtG8dT0Ls,PT,Female
rwittnz,GP4HgV0,AR,Male
ttinero0,3Bv36u9d3uQ,ZW,Female
rrilletto1,oc7FcKGvR,VE,Female
melseo2,gEdrYU,KR,Male
dgavinio3,02NmbvyprE,RU,Female
ncogino4,5rCo2HbTham,PT,Male
knortherno5,PKDRE1Q,HN,Male
kfrancomo6,ikQ9DabF,TN,Male
fpaffitto7,3FBCL3El,SE,Female
dlegato8,JNBqZDUYW,US,Female
fhazardo9,Dm5nTfqTlI,CN,Male
afazziolioa,L8cwUQZ4,TH,Male
ssauraob,Drh0DrIPoekL,CN,Male
cfradgleyoc,dKMR5ZWin,CN,Female
mbamptonod,1BKTrCzdVE,PT,Male
rtuohyoe,7xm3WgSKn3,CN,Male
cvanderlindeof,RwQyKCPQxK,CA,Male
bokenfoldog,G4TuY9hEvHl,FI,Male
sclaringboldoh,2y2wUc,PT,Male
kbedowoi,lrKrK92,BR,Female
ebressonoj,f6WEYtMcxv,HN,Male
drizzook,P8d9vcY,BY,Female
mvasyaginol,Is4JAOT5,BR,Male
mbraunleinom,SdEa8U76z6,PS,Female
fschutton,7bOUMWx,CN,Male
tswafieldoo,MMythiM0,CN,Female
jlocksleyop,qhZWGo,BR,Male
rthiemeoq,rDsdmd,ID,Female
tkislingburyor,MXMK5MiSY5,ID,Female
ebostockos,xSiwBx3NviWn,PL,Female
twaelandot,3X00SU,ID,Female
bhowatou,X7XF9nhyjO0Y,MN,Male
nhebblewaiteov,48NYqkb9gn8,UA,Female
rmcgillivrayow,Z7i1PiuN,AM,Female
ffolomkinox,jiNxPFhH41Bj,ID,Female
zatrilloy,codB4BA0uwi,GR,Male
hloynsoz,AImrwY54L,CA,Female
mrydingp0,SD549M1ue,PH,Male
ilamontp1,qJzrfq9tf8T,UA,Female
ogilmourp2,88YtCKKpVx,CZ,Female
mweddeburnscrimgeourp3,OAt9Rr1u,ID,Male
bpeasemanp4,3s8ry0bHqbi,ID,Female
fspickp5,Np1SEz1OL,CI,Male
gballantynep6,tZsGq3,PE,Male
dlyddiardp7,b1nhXJdOaf,PL,Male
lbasilep8,DVKM8i0,CN,Male
rodennehyp9,Vs25eNm,BO,Male
cdaubneypa,1USTvUM,CN,Male
cmacmenaminpb,ZMwzmLQjR175,ZW,Male
lhowardgaterpc,iz4I6WCPiFUt,PH,Male
rsealeypd,LTHXdoXe,AF,Male
apesterpe,SDj6smcxCxh,CN,Male
cchedgeypf,DcMmYK,PE,Male
rospellisseypg,Hhvw2sI,CN,Male
etrimeph,jBueheeYY,GR,Male
dtindleypi,NUO7WQ1e8n,SE,Male
mbailisspj,OUXDQs77,CO,Male
eglassardpk,ozvMaCbF68E,GM,Female
semblempl,msl3OIV6V,GR,Male
ahuntleypm,TJ4PGv,RU,Female
cmcknishpn,opBFM8SwJG3,PH,Female
claverypo,uPYEj3R,CN,Female
amountpp,QYbnnf2MhNuf,ID,Male
krymourpq,6bmQCQPTvkV,US,Male
snornablepr,B624iTEw0,GM,Female
dpragnellps,cyfeXO,CN,Male
mavrahmpt,7ypWEaRU0Hdz,MA,Male
dbartolpu,2tWnt2S,CN,Male
gecclesallpv,tPfRYqF7,CN,Male
dmapledorumpw,EaY0VRG,PH,Female
omcquakerpx,nOMkq8MV,ID,Female
tthickinpy,U9BUqQM6V,CN,Male
brevelypz,5oGb8RUMIVUS,RU,Male
sabelevitzq0,VZW4PS8oNw,CN,Female
mcarwithanq1,Nw67ofe6,RS,Female
asutterq2,bCPOwNsBRVCJ,CA,Female
bboulgerq3,8SQIXio5,CN,Female
ybonerq4,QnZHKoLT,FR,Male
tbrownsteinq5,XkAlUSx9w,PY,Male
dstileq6,ezDYmVG,BO,Male
tjanickiq7,8OjgkNSO7DqN,CN,Female
rpetrovykhq8,umwij2ZZO3OG,BR,Female
ranglishq9,BNQypOJ,CN,Female
ndionisettoqa,gMSRQfq,SL,Male
tvardieqb,tgV8hK83cDww,CN,Female
khaydenqc,lbqMIxR,ID,Female
awaytqd,6l1QK8d,KZ,Female
ahudghtonqe,D7sHcOyO,CV,Female
gshimmingsqf,Ea4znTB9X,UA,Male
carneckeqg,4SplnV1,ES,Male
natcherleyqh,KKFiYhnHWYa,CN,Female
nmccrearyqi,ualvkX,CN,Male
lsidworthqj,BD77Qyoi11,CN,Male
ckindleyqk,qGAYOgBJt,BA,Female
rnattrissql,GPWzjwsrJ,FR,Female
bknaptonqm,iYeAIgsCt7l1,CA,Male
cgreimqn,wMq870,CN,Female
dyorathqo,QUa2a6,PL,Male
gkennardqp,Y3kCnIO0l,PE,Female
brounsefullqq,H3NUp2m5KI,TT,Male
dglandersqr,9prpMJjaGaO,EG,Male
dprudhamqs,ljSyAOFK5Z,KZ,Male
dgumbqt,4UlEoWZBum,CA,Male
cwolfequ,tgVT4vphUr1G,ID,Female
btebbutqv,IByjDEE,JP,Male
ktidbaldqw,TSs90k8otcU,NL,Male
kdorrqx,TlylpkjZuTcC,ID,Female
skilgallonqy,UVIP6oHC7S4p,NO,Male
rgrattageqz,KpWIxLOi,CM,Female
lgiacomettir0,1DYZpLmxAW3,MX,Female
koutramr1,3lvZMqWix,IL,Female
ndulinr2,aCtimgx,UZ,Female
ppantridger3,T9G68kqcp,YE,Male
tferreror4,iCPdNZMGuA,CN,Female
stelferr5,WaB0NJ1DI,UA,Female
apeapler6,Ilkckq,CN,Male
lglavisr7,f90Ho3I,PT,Male
gwickier8,snOnUG7A,ID,Female
obawdenr9,NSIR3K3,CN,Male
pwadgera,TZ8Dzj,DE,Male
lkesbyrb,9yGyBriIDYH4,ID,Male
cloffelrc,BKJtu2,RU,Male
mwardroprd,BD0wiVdP,RU,Male
zriddingre,7mcc1Nc,MY,Female
tblainrf,OPKxN7soeWci,PH,Male
ojeandetrg,8B2KYgPTH5,PE,Female
dmcruvierh,LtbiiHPtOQvW,TH,Female
sgilardengori,FAhwHsEUx5HD,MU,Female
cericssonrj,QA9FV5,CN,Male
kharmsrk,40LhGen8Z5Mx,PL,Female
twatmorerl,lGfFHzk4rOf,CN,Female
hrossantrm,udlowy5wgD2K,RU,Male
vkohnenrn,Oc7rQ86M,MD,Male
vadamsro,mZ7ssJ,PE,Female
pfaustianrp,5mzTU3,GE,Female
beatockrq,8axbDVgs,CM,Female
rwannanrr,RnKw9kh,BR,Male
